{"cameraMode":{"drawMode":0,"name":"Shaded","section":"Shading Mode"},"sceneLighting":true,"audioPlay":false,"sceneViewState":{"showFog":false,"showMaterialUpdate":false,"showSkybox":false,"showFlares":false,"showImageEffects":false,"showParticleSystems":false},"in2DMode":false,"pivot":{"x":2.4678146839141847,"y":4.176845073699951,"z":-10.069868087768555},"rotation":{"x":0.04762272164225578,"y":0.045529674738645557,"z":0.002172952052205801,"w":-0.997825562953949},"size":22.0,"orthographic":false}